first_name,last_name,email
Evangelina,Bosward,ebosward0@ucsd.edu
Darlleen,Antognetti,dantognetti1@bloglines.com
Meggi,Scorthorne,mscorthorne2@nhs.uk
Lilian,Fasler,lfasler3@cmu.edu
Corrina,Nellies,cnellies4@cdbaby.com
Jaine,McMearty,jmcmearty5@huffingtonpost.com
Camilla,Vandenhoff,cvandenhoff6@pinterest.com
Tamas,Goodbairn,tgoodbairn7@foxnews.com
Gusti,Rookwell,grookwell8@google.nl
Doyle,Cuthbertson,dcuthbertson9@de.vu